Server Address ,overload term, overload time
177.185.128.156/25,20230502053129-20230502122629,24900.148
135.35.74.17/18,20230502053453-20230502163953,39900.037
199.4.137.119/1,20230502052723-20230502192723,50400.014
199.4.137.119/1,20230502191223-20230502193723,1500.069
55.246.196.39/19,20230502053556-20230503054556,87000.033
75.50.142.89/22,20230502053133-20230503141133,117600.254
176.84.58.155/11,20230502053021-20230504060021,174600.077
168.10.204.148/10,20230502053025-20230504141525,204300.126
37.248.205.53/26,20230502053114-20230505011114,243600.090
171.111.162.234/28,20230502053158-20230505040158,253800.001
20.165.187.3/7,20230502052931-20230505061431,261900.002
168.10.204.148/10,20230504140025-20230505075525,64500.011
225.180.30.210/13,20230502053209-20230505080709,268500.004
131.99.246.254/21,20230502052932-20230505104432,278100.040
56.117.128.85/2,20230502052854-20230505132354,287700.008
236.21.251.21/22,20230502052956-20230505142956,291600.223
